{
  "schema": 1,
  "items": {
    "Arneodo": {
      "rhs": {
        "dx": "a * (x - y)",
        "dy": "-4*a*y + x*z + m*x**3",
        "dz": "-d*a*z + x*y + b*z**2"
      },
      "params": {
        "a": 1.0,
        "b": -0.09,
        "d": 1.5,
        "m": 0.01
      },
      "initial": [1.0, 0.1, 0.1],
      "defaults": {
        "procedure": "EULER",
        "dt": 0.01,
        "tolerance": 1e-4,
        "min_dt": 1e-6,
        "max_dt": 0.1,
        "steps": 15000,
        "burn_in": 1000,
        "scale": 0.1
      },
      "summary": "A symmetric chaotic attractor introduced by Arneodo, Coullet and Tresser.",
      "source": "A. Arneodo, P. Coullet & C. Tresser (1981), 'A possible new mechanism for the onset of turbulence', Physics Letters A 81(4), 197–201.",
      "details": "Parameter 'm' controls the strength of the cubic term and the complexity of the lobes (larger |m| gives more twisted shapes). 'b' affects stretching and thickness along the z-direction. 'a' rescales the overall time scale (larger 'a' may require smaller 'dt' for stability). 'd' controls damping in z; increasing 'd' compresses the attractor along the z-axis."
    },

    "Burke–Shaw": {
      "rhs": {
        "dx": "-a * (x + y)",
        "dy": "-y - a * x * z",
        "dz": "a * x * y + b"
      },
      "params": {
        "a": 10.0,
        "b": 13.0
      },
      "initial": [0.1, 0.0, 0.0],
      "defaults": {
        "procedure": "RK4",
        "dt": 0.01,
        "tolerance": 1e-4,
        "min_dt": 1e-6,
        "max_dt": 0.1,
        "steps": 15000,
        "burn_in": 500,
        "scale": 0.3
      },
      "summary": "A classical unbounded chaotic attractor with nonlinear coupling in x–y and a constant drift along the z-axis.",
      "source": "R. Shaw (1981), 'Strange Attractors, Chaotic Behavior and Information Flow', Z. Naturforsch. A 36, 80–112.",
      "details": "Parameter 'a' increases the strength of nonlinear coupling between x and y; larger values create stronger stretching and folding. 'b' shifts the z-direction and controls the amount of vertical drift — higher 'b' stretches trajectories upward."
    },
	
	"Chen": {
	  "rhs": {
		"dx": "a * (y - x)",
		"dy": "(c - a) * x - x * z + c * y",
		"dz": "x * y - b * z"
	  },
	  "params": {
		"a": 35.0,
		"b": 3.0,
		"c": 28.0
	  },
	  "initial": [0.0, 1.0, 1.0],
	  "defaults": {
		"procedure": "RK4",
		"dt": 0.005,
		"tolerance": 1e-4,
		"min_dt": 1e-6,
		"max_dt": 0.1,
		"steps": 20000,
		"burn_in": 1000,
		"scale": 0.1
	  },
	  "summary": "A double-scroll chaotic system introduced by Chen and Ueta, similar in form to the Lorenz system but dynamically inequivalent.",
	  "source": "G. Chen & T. Ueta (1999), 'Yet Another Chaotic Attractor', Int. J. Bifurcation and Chaos 9(7), 1465–1466.",
	  "details": "Parameter 'a' controls coupling between x and y; larger 'a' strengthens the scroll stretching. 'b' sets dissipation along z; higher 'b' compresses trajectories vertically. 'c' influences amplification through both linear (c*y) and nonlinear (c-a) terms, shaping the width of the scrolls."
	},

	"Chua": {
	  "rhs": {
		"dx": "k*p*(y - x - (b*x + 0.5*(a - b)*(fabs(x + 1) - fabs(x - 1))))",
		"dy": "k*(x - y + z)",
		"dz": "k*(-q*y - r*z)"
	  },
	  "params": {
		"a": 0.1,
		"b": -0.48,
		"k": 1.0,
		"p": -1.3,
		"q": -0.0136,
		"r": -0.0297
	  },
	  "initial": [0.1, 0.0, 0.0],
	  "defaults": {
		"procedure": "DP5",
		"dt": 0.01,
		"tolerance": 1e-4,
		"min_dt": 0.0001,
		"max_dt": 0.1,
		"steps": 20000,
		"burn_in": 500,
		"scale": 0.7
	  },
	  "summary": "A classical chaotic system arising from Chua’s electronic circuit, featuring a piecewise-linear nonlinearity.",
	  "source": "Matsumoto (1984); Chua (1983, 1995) — foundational works on the Chua circuit and its chaotic dynamics.",
	  "details": "Parameter 'p' controls the slope of the nonlinear Chua diode, strongly affecting the shape of the double scroll. 'a' and 'b' define the inner and outer slopes of the piecewise-linear function. 'k' rescales overall system speed; lowering 'k' may require decreasing dt. Parameters 'q' and 'r' influence dissipation in the y- and z-directions, modifying scroll width and vertical elongation."
	},

	"Dadras": {
	  "rhs": {
		"dx": "y - a * x + b * y * z",
		"dy": "c * y - x * z + z",
		"dz": "d * x * y - h * z"
	  },
	  "params": {
		"a": 3.0,
		"b": 2.7,
		"c": 1.7,
		"d": 2.0,
		"h": 9.0
	  },
	  "initial": [0.01, 0.01, 0.01],
	  "defaults": {
		"procedure": "DP5",
		"dt": 0.01,
		"tolerance": 1e-4,
		"min_dt": 0.000001,
		"max_dt": 0.1,
		"steps": 10000,
		"burn_in": 2000,
		"scale": 0.2
	  },
	  "summary": "A five-parameter chaotic system capable of generating two-, three- and four-scroll attractors depending on parameter selection.",
	  "source": "S. Dadras & H. R. Momeni (2009), Physics Letters A 373, 3637–3642.",
	  "details": "Parameter 'a' introduces linear damping in x; 'b' controls the nonlinear yz-term responsible for scroll formation; 'c' sets linear growth in y; 'd' governs xy-coupling in z; 'h' determines linear damping in z and influences scroll height."
	},

	"Halvorsen": {
	  "rhs": {
		"dx": "-a*x - 4*y - 4*z - y**2",
		"dy": "-a*y - 4*z - 4*x - z**2",
		"dz": "-a*z - 4*x - 4*y - x**2"
	  },
	  "params": {
		"a": 1.4
	  },
	  "initial": [0.01, 0.00, 0.01],
	  "defaults": {
		"procedure": "DP5",
		"dt": 0.01,
		"tolerance": 1e-4,
		"min_dt": 0.000001,
		"max_dt": 0.1,
		"steps": 10000,
		"burn_in": 300,
		"scale": 0.2
	  },
	  "summary": "A cyclically symmetric chaotic system with a three-lobed structure introduced by Halvorsen and later analyzed by Sprott.",
	  "source": "J. C. Sprott (1997), 'A Symmetric Chaotic Flow', University of Wisconsin–Madison.",
	  "details": "The single parameter 'a' controls damping; values near 1.27 lead to a period-doubling route to chaos. Increasing 'a' enhances dissipation and shrinks the attractor; decreasing it enlarges trajectories and increases chaotic behavior."
	},

	"Hindmarsh–Rose": {
	  "rhs": {
		"dx": "y - a*x**3 + b*x**2 + I - z",
		"dy": "c - d*x**2 - y",
		"dz": "r*(s*(x - x1) - z)"
	  },
	  "params": {
		"a": 1.0,
		"b": 3.0,
		"c": 1.0,
		"d": 5.0,
		"s": 4.0,
		"r": 0.006,
		"x1": -1.6,
		"I": 3.25
	  },
	  "initial": [0.0, 0.0, 0.0],
	  "defaults": {
		"procedure": "RK4",
		"dt": 0.005,
		"tolerance": 1e-4,
		"min_dt": 1e-6,
		"max_dt": 0.1,
		"steps": 50000,
		"burn_in": 1000,
		"scale": 0.5
	  },
	  "summary": "A neuronal bursting model generating chaotic transitions between spiking and resting states, originally introduced by Hindmarsh and Rose.",
	  "source": "Hindmarsh & Rose (1984), Proc. Royal Society B 221, 87–102.",
	  "details": "Parameter 'I' is the input current controlling transitions between resting, spiking, and bursting modes. Parameters 'a', 'b', and 'd' shape the fast cubic and quadratic terms driving spikes. Parameter 's' determines the strength of slow modulation, while 'r' sets the speed of the slow variable z; decreasing 'r' creates slower bursting dynamics."
	},
	
	"Langford": {
	  "rhs": {
		"dx": "(z - b) * x - d * y",
		"dy": "d * x + (z - b) * y",
		"dz": "c + a * z - (z**3)/3 - (x**2 + y**2) * (1 + e * z)"
	  },
	  "params": {
		"a": 0.95,
		"b": 0.7,
		"c": 0.6,
		"d": 3.5,
		"e": 0.25
	  },
	  "initial": [0.1, 0.0, 0.0],
	  "defaults": {
		"procedure": "RK4",
		"dt": 0.015,
		"tolerance": 1e-4,
		"min_dt": 1e-6,
		"max_dt": 0.1,
		"steps": 15000,
		"burn_in": 300,
		"scale": 1.1
	  },
	  "summary": "A classical torus-breakdown chaotic system introduced by Langford, involving Hopf–hysteresis interactions.",
	  "source": "W. F. Langford (1984), Numerical Studies of Torus Bifurcations.",
	  "details": "Parameter 'a' influences vertical growth in z, 'b' shifts the rotational plane, and 'c' creates vertical bias. Parameter 'd' controls rotation speed in x–y, while 'e' introduces nonlinear modulation that shapes the torus breakdown cascade."
	},

	"Li": {
	  "rhs": {
		"dx": "a * (y - x) + d * x * z",
		"dy": "k * x + f * y - x * z",
		"dz": "-e * x**2 + x * y + c * z"
	  },
	  "params": {
		"a": 40.0,
		"c": 1.8333333,
		"d": 0.16,
		"e": 0.65,
		"f": 20.0,
		"k": 55.0
	  },
	  "initial": [0.01, 0.0, 0.0],
	  "defaults": {
		"procedure": "DP5",
		"dt": 0.01,
		"tolerance": 1e-6,
		"min_dt": 0.0,
		"max_dt": 0.01,
		"steps": 7000,
		"burn_in": 1000,
		"scale": 0.01
	  },
	  "summary": "A Lorenz-type three-scroll chaotic system with quadratic coupling, introduced by Li in 2008.",
	  "source": "D. Li (2008), 'A three-scroll chaotic attractor', Physics Letters A 372, 387–393.",
	  "details": "Parameter 'a' controls linear relaxation between x and y. 'd' introduces nonlinear xz feedback that bends trajectories. 'k' and 'f' regulate excitation and damping in y. 'e' shapes the parabolic -e*x^2 curvature, and 'c' controls vertical contraction in z, influencing scroll separation."
	},

	"Lorenz": {
	  "rhs": {
		"dx": "a * (y - x)",
		"dy": "x * (b - z) - y",
		"dz": "x * y - c * z"
	  },
	  "params": {
		"a": 10.0,
		"b": 28.0,
		"c": 2.6666666667
	  },
	  "initial": [0.01, 0.01, 0.01],
	  "defaults": {
		"procedure": "RK4",
		"dt": 0.01,
		"tolerance": 1e-4,
		"min_dt": 1e-6,
		"max_dt": 0.1,
		"steps": 15000,
		"burn_in": 500,
		"scale": 0.1
	  },
	  "summary": "The classical double-wing chaotic attractor discovered by Edward N. Lorenz in 1963.",
	  "source": "E. N. Lorenz (1963), 'Deterministic Nonperiodic Flow', Journal of the Atmospheric Sciences 20, 130–141.",
	  "details": "Parameter 'a' acts as the Prandtl number, shaping coupling strength between x and y. 'b' is the Rayleigh parameter controlling convection strength. 'c' governs vertical contraction; lowering it produces tighter coils, while increasing it expands the attractor vertically."
	},

	"Lotka–Volterra": {
	  "rhs": {
		"dx": "x - x*y + c*x**2 - a*z*x**2",
		"dy": "-y + x*y",
		"dz": "-b*z + a*z*x**2"
	  },
	  "params": {
		"a": 2.9851,
		"b": 3.0,
		"c": 2.1
	  },
	  "initial": [0.9, 0.9, 0.5],
	  "defaults": {
		"procedure": "RK4",
		"dt": 0.01,
		"tolerance": 1e-4,
		"min_dt": 0.000001,
		"max_dt": 0.1,
		"steps": 15000,
		"burn_in": 50,
		"scale": 10
	  },
	  "summary": "Three-dimensional extension of the classical predator–prey model, exhibiting torus breakdown and chaotic oscillations.",
	  "source": "Samardzija & Greller (1988), Bulletin of Mathematical Biology 50, 465–491.",
	  "details": "Parameter 'a' controls nonlinear predator coupling via the term a*z*x^2. 'b' sets damping in the z population. 'c' produces self-reinforcing growth of x; increasing 'c' expands the attractor and speeds up oscillations."
	},
	
	"Lü": {
	  "rhs": {
		"dx": "a * (y - x)",
		"dy": "c * y - x * z",
		"dz": "x * y - b * z"
	  },
	  "params": {
		"a": 36.0,
		"b": 3.0,
		"c": 20.0
	  },
	  "initial": [0.1, 0.0, 0.0],
	  "defaults": {
		"procedure": "RK4",
		"dt": 0.005,
		"tolerance": 1e-4,
		"min_dt": 1e-6,
		"max_dt": 0.1,
		"steps": 10000,
		"burn_in": 300,
		"scale": 0.08
	  },
	  "summary": "A chaotic system that smoothly bridges Lorenz-type and Chen-type dynamics.",
	  "source": "Lü, J., & Chen, G. (2002). A new chaotic attractor coined. International Journal of Bifurcation and Chaos, 12(3), 659–661. https://doi.org/10.1142/S0218127402004620",
	  "details": "Parameter 'a' controls coupling between x and y; 'b' sets dissipation along z; 'c' governs amplification in y. Varying 'c' within the chaotic range reshapes the double-scroll structure between Lorenz-like and Chen-like behavior."
	},
	
	"Newton–Leipnik": {
	  "rhs": {
		"dx": "-b*x + y + 10*y*z",
		"dy": "-x - b*y + 5*x*z",
		"dz": "a*z - 5*x*y"
	  },
	  "params": {
		"a": 0.175,
		"b": 0.4
	  },
	  "initial": [0.349, 0.000, -0.180],
	  "defaults": {
		"procedure": "RK4",
		"dt": 0.01,
		"tolerance": 1e-4,
		"min_dt": 1e-6,
		"max_dt": 0.1,
		"steps": 50000,
		"burn_in": 0,
		"scale": 3.0
	  },
	  "summary": "A quadratic flow derived from rigid body dynamics with linear feedback, producing two coexisting strange attractors.",
	  "source": "Leipnik, R. B., & Newton, T. A. (1981). Double strange attractors in rigid body motion with linear feedback control. Physics Letters A, 86(2), 63–67. https://doi.org/10.1016/0375-9601(81)90165-1",
	  "details": "Parameter 'a' governs vertical stretching; 'b' controls linear damping in x and y. The cubic coupling terms 10*y*z, 5*x*z, and 5*x*y generate strong twisting that produces two coexisting attractors highly sensitive to initial conditions."
	},
	
	"Nosé–Hoover": {
	  "rhs": {
		"dx": "y",
		"dy": "-x - z*y",
		"dz": "a * (y**2 - 1)"
	  },
	  "params": {
		"a": 1.5
	  },
	  "initial": [1.0, 0.0, 0.0],
	  "defaults": {
		"procedure": "RK4",
		"dt": 0.01,
		"tolerance": 1e-4,
		"min_dt": 1e-6,
		"max_dt": 0.1,
		"steps": 10000,
		"burn_in": 500,
		"scale": 1
	  },
	  "summary": "A thermostatted harmonic oscillator generating chaotic motion via the Nosé–Hoover feedback mechanism.",
	  "source": "Nosé, S. (1984). A unified formulation of the constant temperature molecular dynamics methods. The Journal of Chemical Physics, 81(1), 511–519. https://doi.org/10.1063/1.447334; Hoover, W. G. (1985). Canonical dynamics: Equilibrium phase-space distributions. Physical Review A, 31(3), 1695–1697. https://doi.org/10.1103/PhysRevA.31.1695; Posch, H. A., Hoover, W. G., & Vesely, F. J. (1986). Canonical dynamics of the Nosé oscillator: Stability, chaos, and heat flow. Physical Review A, 33(6), 4253–4265. https://doi.org/10.1103/PhysRevA.33.4253",
	  "details": "Parameter 'a' controls the strength of the thermostat feedback. For smaller 'a' the motion is mostly regular; around a ≈ 1.5 the system becomes chaotic. Increasing 'a' further strengthens the coupling in the dz/dt equation and can modify the thickness and folding of the attractor."
	},

	"Rabinovich–Fabrikant": {
	  "rhs": {
		"dx": "y*(z - 1 + x**2) + a*x",
		"dy": "x*(3*z + 1 - x**2) + a*y",
		"dz": "-2*z*(b + x*y)"
	  },
	  "params": {
		"a": 0.87,
		"b": 1.1
	  },
	  "initial": [-1.0, 0.0, 0.5],
	  "defaults": {
		"procedure": "DP5",
		"dt": 0.01,
		"tolerance": 5e-5,
		"min_dt": 1e-6,
		"max_dt": 0.05,
		"steps": 7000,
		"burn_in": 1000,
		"scale": 2
	  },
	  "summary": "A chaotic system arising from wave self-modulation in nonequilibrium nonlinear media.",
	  "source": "Rabinovich, M. I., & Fabrikant, A. L. (1979). Stochastic self-modulation of waves in nonequilibrium media. Soviet Physics JETP, 50(2), 311–316. http://jetp.ras.ru/cgi-bin/dn/e_050_02_0311.pdf",
	  "details": "Parameter 'a' (γ) controls instability growth and amplification of oscillations; increasing it expands the attractor. Parameter 'b' (ν) regulates damping of satellite modes; larger values suppress motion. The nonlinear products x*y and x**2 generate strong folding and twisting responsible for chaotic behavior."
	},
	
	"Rikitake": {
	  "rhs": {
		"dx": "-b * x + z * y",
		"dy": "-b * y + (z - a) * x",
		"dz": "1 - x * y"
	  },
	  "params": {
		"a": 5.0,
		"b": 2.0
	  },
	  "initial": [1.0, 1.0, 1.0],
	  "defaults": {
		"procedure": "RK4",
		"dt": 0.01,
		"tolerance": 1e-4,
		"min_dt": 1e-6,
		"max_dt": 0.1,
		"steps": 20000,
		"burn_in": 500,
		"scale": 0.4
	  },
	  "summary": "A chaotic dynamo model introduced by Rikitake to explain magnetic field reversals in coupled rotating disks.",
	  "source": "Rikitake, T. (1957). Oscillations of a System of Disk Dynamos. Proc. Cambridge Phil. Soc., 54, 89–105. https://doi.org/10.1017/S0305004100033223; McMillen, T. (1999). The Shape and Dynamics of the Rikitake Attractor. The Nonlinear Journal, 1, 1–10.",
	  "details": "Parameter 'b' controls damping, while 'a' sets coupling strength. Increasing 'a' intensifies the interaction between x and y, influencing polarity reversal frequency. Stronger damping (larger 'b') suppresses wide excursions in z."
	},
	
	"Rössler": {
	  "rhs": {
		"dx": "-(y + z)",
		"dy": "x + a*y",
		"dz": "b + z*(x - c)"
	  },
	  "params": {
		"a": 0.2,
		"b": 0.2,
		"c": 5.7
	  },
	  "initial": [0.01, 0.0, 0.0],
	  "defaults": {
		"procedure": "RK4",
		"dt": 0.05,
		"tolerance": 1e-4,
		"min_dt": 1e-6,
		"max_dt": 0.1,
		"steps": 15000,
		"burn_in": 1000,
		"scale": 0.2
	  },
	  "summary": "A minimal three-dimensional chaotic system with a single quadratic nonlinearity, introduced by Otto E. Rössler in 1976.",
	  "source": "Rössler, O. E. (1976). An equation for continuous chaos. Physics Letters A, 57(5), 397–398. https://doi.org/10.1016/0375-9601(76)90101-8",
	  "details": "Parameter 'a' controls linear growth in y, 'b' shifts the z-direction baseline, and 'c' sets the threshold in the z*(x - c) term. Increasing 'c' or decreasing 'a' can move the system from simple limit cycles to chaotic band dynamics."
	},
	
	"Shimizu–Morioka": {
	  "rhs": {
		"dx": "y",
		"dy": "(1 - z) * x - a * y",
		"dz": "x**2 - b * z"
	  },
	  "params": {
		"a": 0.7,
		"b": 0.1
	  },
	  "initial": [0.1, 0.0, 0.2],
	  "defaults": {
		"procedure": "RK4",
		"dt": 0.01,
		"tolerance": 1e-4,
		"min_dt": 1e-6,
		"max_dt": 0.1,
		"steps": 50000,
		"burn_in": 500,
		"scale": 1.5
	  },
	  "summary": "A Lorenz-like chaotic system used as a normal form for studying symmetry breaking and bifurcations.",
	  "source": "Shimizu, T., & Morioka, N. (1980). On the bifurcation of a symmetric limit cycle to an asymmetric one in a simple model. Physics Letters A, 76(3–4), 201–204. https://doi.org/10.1016/0375-9601(80)90466-1; Shil'nikov, A. L. (1993). On bifurcations of the Lorenz attractor in the Shimizu–Morioka model. Physica D, 62, 338–346. https://doi.org/10.1016/0167-2789(93)90292-9",
	  "details": "Parameter 'a' controls damping in the y-equation; increasing it suppresses oscillations. Parameter 'b' controls relaxation of z; smaller b enlarges the attractor. The nonlinear coupling x**2 generates Lorenz-like lobe switching."
	},
	
	"Sprott-D": {
	  "rhs": {
		"dx": "-y",
		"dy": "x + z",
		"dz": "x*z + a*y**2"
	  },
	  "params": {
		"a": 3.0
	  },
	  "initial": [0.1, 0.0, 0.0],
	  "defaults": {
		"procedure": "RK4",
		"dt": 0.01,
		"tolerance": 1e-4,
		"min_dt": 1e-6,
		"max_dt": 0.1,
		"steps": 30000,
		"burn_in": 500,
		"scale": 0.7
	  },
	  "summary": "One of the algebraically simplest chaotic flows identified by Sprott (system D), containing two nonlinear terms and producing a folded-band chaotic attractor.",
	  "source": "Sprott, J. C. (1994). Some simple chaotic flows. Physical Review E, 50(2), 647–650. https://doi.org/10.1103/PhysRevE.50.R647; Sprott, J. C. (2010). Elegant Chaos: Algebraically Simple Chaotic Flows. World Scientific. https://doi.org/10.1142/7183",
	  "details": "Parameter 'a' controls the strength of the quadratic nonlinearity y**2, shaping the width and curvature of the attractor's folded band. Larger 'a' amplifies stretching in the z direction. The system remains highly sensitive to initial conditions despite its minimal algebraic form."
	},
	
	"Thomas": {
	  "rhs": {
		"dx": "- b*x + sin(y)",
		"dy": "- b*y + sin(z)",
		"dz": "- b*z + sin(x)"
	  },
	  "params": {
		"b": 0.15
	  },
	  "initial": [0.01, 0.02, 0.03],
	  "defaults": {
		"procedure": "RK4",
		"dt": 0.03,
		"tolerance": 1e-4,
		"min_dt": 1e-6,
		"max_dt": 0.1,
		"steps": 10000,
		"burn_in": 500,
		"scale": 0.7
	  },
	  "summary": "A cyclically coupled nonlinear system exhibiting labyrinth-type chaos, introduced by René Thomas.",
	  "source": "Thomas, R. (1999). Deterministic chaos seen in terms of feedback circuits: analysis, synthesis, 'labyrinth chaos'. International Journal of Bifurcation and Chaos, 9(10), 1889–1905. https://doi.org/10.1142/S0218127499001383",
	  "details": "Parameter 'b' controls damping; values near 0.15 produce labyrinth-like chaotic trajectories. The nonlinear sin() feedback in cyclic order x→y→z→x generates folding and stretching typical for this attractor."
	}


  }
}
