{
  "schema": 1,
  "items": {

	"SpiralHelix": {
	  "rhs": {
		"dx": "a * x - w * y",
		"dy": "w * x + a * y",
		"dz": "-c * z"
	  },
	  "params": {
		"a": -0.1,
		"w": 4.0,
		"c": 0.2
	  },
	  "initial": [1.0, 0.0, 1.0],
	  "defaults": {
		"procedure": "RK4",
		"dt": 0.01,
		"tolerance": 1e-4,
		"min_dt": 1e-6,
		"max_dt": 0.1,
		"steps": 8000,
		"burn_in": 0,
		"scale": 3
	  },
	  "summary": "A simple 3D decaying spiral (helix) wrapping toward the origin.",
	  "source": "Linear rotating focus with exponential damping.",
	  "details": "Parameter 'w' controls rotation speed in the x–y plane. Parameter 'a' (negative) controls how fast the spiral decays in x and y. Parameter 'c' damps motion along z. Try changing 'a' from -0.05 to -0.3 or 'w' from 2 to 8 to see tighter or looser spirals."
	}

  }
}